"subject_id","session_id","n_rows"
"-H-Yue7","2bfa045e-b121-4c2c-bbb0-9be6b1c7c487",123
"张佳炫","2fa516ef-0db2-4f04-b5ec-4bf51e90bbf2",125
"wangxiangronng","3e5b1c19-6853-4cb5-abd7-1ddf5b9e11dc",99
"liuqianwen","415b1462-8d30-497f-9bb0-af3fb56b32be",125
"Esterla.","6a8507d8-2ebe-40d8-9962-99e39c56b181",125
"wxxwhao","7870b673-6d28-4031-9be3-1c69a7b31619",125
"星辰","7b7296a8-334d-4ea7-9f21-d995219fe299",125
"Mc2255o","8ccbcd1d-7a4d-4793-a44c-8bcd5e305e28",125
"JK","a2db32ba-de02-442b-a3a7-aaf150093429",125
"太贵了","a81150eb-5665-42a9-8af0-66f50809a548",125
"lqy1910","c4acb7cc-6ddc-4ee9-82ac-ed5ecc357fdb",93
"Midi","c93fb1e2-2858-4d76-8e92-b92aa6a1f995",125
"夏至","cef799ad-fac3-4a5a-b56c-97e06ec7fcf1",125
"邓岩","f74d67fb-d9ac-4916-80bb-8b4581bf4498",125
