"subject_id","image","rating"
"-H-Yue7","1030.jpg",6
"Esterla.","1030.jpg",6
"JK","1030.jpg",7
"liuqianwen","1030.jpg",2
"lqy1910","1030.jpg",5
"Mc2255o","1030.jpg",0
"Midi","1030.jpg",9
"wangxiangronng","1030.jpg",2
"wxxwhao","1030.jpg",8
"邓岩","1030.jpg",2
"太贵了","1030.jpg",6
"夏至","1030.jpg",3
"星辰","1030.jpg",0
"张佳炫","1030.jpg",5
"-H-Yue7","1052.jpg",8
"Esterla.","1052.jpg",7
"JK","1052.jpg",8
"liuqianwen","1052.jpg",6
"Mc2255o","1052.jpg",2
"Midi","1052.jpg",9
"wangxiangronng","1052.jpg",2
"wxxwhao","1052.jpg",8
"邓岩","1052.jpg",2
"太贵了","1052.jpg",5
"夏至","1052.jpg",5
"星辰","1052.jpg",6
"张佳炫","1052.jpg",6
"-H-Yue7","1110.jpg",8
"Esterla.","1110.jpg",8
"JK","1110.jpg",7
"liuqianwen","1110.jpg",3
"lqy1910","1110.jpg",7
"Mc2255o","1110.jpg",3
"Midi","1110.jpg",9
"wangxiangronng","1110.jpg",5
"wxxwhao","1110.jpg",9
"邓岩","1110.jpg",3
"太贵了","1110.jpg",6
"夏至","1110.jpg",4
"星辰","1110.jpg",2
"张佳炫","1110.jpg",5
"-H-Yue7","1111.jpg",9
"Esterla.","1111.jpg",9
"JK","1111.jpg",8
"liuqianwen","1111.jpg",7
"lqy1910","1111.jpg",8
"Mc2255o","1111.jpg",8
"Midi","1111.jpg",7
"wangxiangronng","1111.jpg",3
"wxxwhao","1111.jpg",8
"邓岩","1111.jpg",5
"太贵了","1111.jpg",5
"夏至","1111.jpg",7
"星辰","1111.jpg",7
"张佳炫","1111.jpg",6
"-H-Yue7","1121.jpg",4
"Esterla.","1121.jpg",6
"JK","1121.jpg",2
"liuqianwen","1121.jpg",1
"lqy1910","1121.jpg",6
"Mc2255o","1121.jpg",2
"Midi","1121.jpg",4
"wangxiangronng","1121.jpg",3
"wxxwhao","1121.jpg",4
"邓岩","1121.jpg",3
"太贵了","1121.jpg",3
"夏至","1121.jpg",3
"星辰","1121.jpg",0
"张佳炫","1121.jpg",2
"-H-Yue7","1200.jpg",9
"Esterla.","1200.jpg",6
"JK","1200.jpg",8
"liuqianwen","1200.jpg",2
"lqy1910","1200.jpg",2
"Mc2255o","1200.jpg",6
"Midi","1200.jpg",8
"wangxiangronng","1200.jpg",3
"wxxwhao","1200.jpg",7
"邓岩","1200.jpg",5
"太贵了","1200.jpg",7
"夏至","1200.jpg",4
"星辰","1200.jpg",3
"张佳炫","1200.jpg",6
"-H-Yue7","1201.jpg",9
"Esterla.","1201.jpg",7
"JK","1201.jpg",8
"liuqianwen","1201.jpg",5
"Mc2255o","1201.jpg",2
"Midi","1201.jpg",9
"wangxiangronng","1201.jpg",5
"wxxwhao","1201.jpg",7
"邓岩","1201.jpg",5
"太贵了","1201.jpg",3
"夏至","1201.jpg",4
"星辰","1201.jpg",3
"张佳炫","1201.jpg",6
"-H-Yue7","1220.jpg",5
"Esterla.","1220.jpg",4
"JK","1220.jpg",8
"liuqianwen","1220.jpg",2
"lqy1910","1220.jpg",6
"Mc2255o","1220.jpg",3
"Midi","1220.jpg",7
"wangxiangronng","1220.jpg",3
"wxxwhao","1220.jpg",8
"邓岩","1220.jpg",4
"太贵了","1220.jpg",1
"夏至","1220.jpg",5
"星辰","1220.jpg",3
"张佳炫","1220.jpg",4
"-H-Yue7","1230.jpg",8
"Esterla.","1230.jpg",4
"JK","1230.jpg",6
"liuqianwen","1230.jpg",3
"lqy1910","1230.jpg",2
"Mc2255o","1230.jpg",4
"Midi","1230.jpg",5
"wangxiangronng","1230.jpg",5
"wxxwhao","1230.jpg",6
"邓岩","1230.jpg",3
"太贵了","1230.jpg",6
"夏至","1230.jpg",3
"星辰","1230.jpg",3
"张佳炫","1230.jpg",4
"-H-Yue7","1240.jpg",7
"Esterla.","1240.jpg",5
"JK","1240.jpg",8
"liuqianwen","1240.jpg",2
"lqy1910","1240.jpg",2
"Mc2255o","1240.jpg",7
"Midi","1240.jpg",5
"wangxiangronng","1240.jpg",3
"wxxwhao","1240.jpg",7
"邓岩","1240.jpg",2
"太贵了","1240.jpg",6
"夏至","1240.jpg",4
"星辰","1240.jpg",1
"张佳炫","1240.jpg",5
"-H-Yue7","1270.jpg",9
"Esterla.","1270.jpg",6
"JK","1270.jpg",5
"liuqianwen","1270.jpg",5
"lqy1910","1270.jpg",6
"Mc2255o","1270.jpg",3
"Midi","1270.jpg",5
"wxxwhao","1270.jpg",0
"邓岩","1270.jpg",4
"太贵了","1270.jpg",3
"夏至","1270.jpg",8
"星辰","1270.jpg",4
"张佳炫","1270.jpg",2
"-H-Yue7","1274.jpg",6
"Esterla.","1274.jpg",7
"JK","1274.jpg",6
"liuqianwen","1274.jpg",5
"lqy1910","1274.jpg",4
"Mc2255o","1274.jpg",0
"Midi","1274.jpg",6
"wangxiangronng","1274.jpg",5
"wxxwhao","1274.jpg",4
"邓岩","1274.jpg",2
"太贵了","1274.jpg",5
"夏至","1274.jpg",8
"星辰","1274.jpg",5
"张佳炫","1274.jpg",5
"-H-Yue7","1275.jpg",8
"Esterla.","1275.jpg",6
"JK","1275.jpg",5
"liuqianwen","1275.jpg",5
"lqy1910","1275.jpg",7
"Mc2255o","1275.jpg",7
"Midi","1275.jpg",6
"wangxiangronng","1275.jpg",2
"wxxwhao","1275.jpg",4
"邓岩","1275.jpg",4
"太贵了","1275.jpg",2
"夏至","1275.jpg",8
"星辰","1275.jpg",4
"张佳炫","1275.jpg",4
"-H-Yue7","1280.jpg",8
"Esterla.","1280.jpg",8
"JK","1280.jpg",6
"liuqianwen","1280.jpg",6
"lqy1910","1280.jpg",9
"Mc2255o","1280.jpg",7
"Midi","1280.jpg",5
"wxxwhao","1280.jpg",6
"邓岩","1280.jpg",5
"太贵了","1280.jpg",6
"夏至","1280.jpg",6
"星辰","1280.jpg",7
"张佳炫","1280.jpg",9
"-H-Yue7","1300.jpg",8
"Esterla.","1300.jpg",8
"JK","1300.jpg",8
"liuqianwen","1300.jpg",5
"lqy1910","1300.jpg",8
"Mc2255o","1300.jpg",5
"Midi","1300.jpg",8
"wxxwhao","1300.jpg",8
"邓岩","1300.jpg",7
"太贵了","1300.jpg",6
"夏至","1300.jpg",6
"星辰","1300.jpg",5
"张佳炫","1300.jpg",7
"-H-Yue7","1301.jpg",7
"Esterla.","1301.jpg",8
"JK","1301.jpg",1
"liuqianwen","1301.jpg",4
"lqy1910","1301.jpg",9
"Mc2255o","1301.jpg",2
"Midi","1301.jpg",7
"wangxiangronng","1301.jpg",3
"wxxwhao","1301.jpg",6
"邓岩","1301.jpg",4
"太贵了","1301.jpg",6
"夏至","1301.jpg",4
"星辰","1301.jpg",5
"张佳炫","1301.jpg",6
"-H-Yue7","1302.jpg",6
"Esterla.","1302.jpg",6
"JK","1302.jpg",4
"liuqianwen","1302.jpg",5
"lqy1910","1302.jpg",4
"Mc2255o","1302.jpg",1
"Midi","1302.jpg",7
"wangxiangronng","1302.jpg",2
"wxxwhao","1302.jpg",3
"邓岩","1302.jpg",3
"太贵了","1302.jpg",5
"夏至","1302.jpg",4
"星辰","1302.jpg",5
"张佳炫","1302.jpg",3
"-H-Yue7","1303.jpg",6
"Esterla.","1303.jpg",7
"JK","1303.jpg",7
"liuqianwen","1303.jpg",1
"lqy1910","1303.jpg",8
"Mc2255o","1303.jpg",6
"Midi","1303.jpg",8
"wxxwhao","1303.jpg",7
"邓岩","1303.jpg",0
"太贵了","1303.jpg",4
"夏至","1303.jpg",4
"星辰","1303.jpg",4
"张佳炫","1303.jpg",5
"-H-Yue7","1321.jpg",7
"Esterla.","1321.jpg",6
"JK","1321.jpg",7
"liuqianwen","1321.jpg",6
"Mc2255o","1321.jpg",3
"Midi","1321.jpg",8
"wangxiangronng","1321.jpg",3
"wxxwhao","1321.jpg",7
"邓岩","1321.jpg",4
"太贵了","1321.jpg",5
"夏至","1321.jpg",5
"星辰","1321.jpg",2
"张佳炫","1321.jpg",6
"-H-Yue7","1333.jpg",6
"Esterla.","1333.jpg",0
"JK","1333.jpg",5
"liuqianwen","1333.jpg",0
"lqy1910","1333.jpg",9
"Mc2255o","1333.jpg",0
"Midi","1333.jpg",2
"wxxwhao","1333.jpg",0
"邓岩","1333.jpg",0
"太贵了","1333.jpg",1
"夏至","1333.jpg",0
"星辰","1333.jpg",4
"张佳炫","1333.jpg",0
"-H-Yue7","1463.jpg",8
"Esterla.","1463.jpg",0
"JK","1463.jpg",0
"liuqianwen","1463.jpg",0
"Mc2255o","1463.jpg",5
"Midi","1463.jpg",6
"wangxiangronng","1463.jpg",2
"wxxwhao","1463.jpg",1
"邓岩","1463.jpg",0
"太贵了","1463.jpg",1
"夏至","1463.jpg",0
"星辰","1463.jpg",0
"张佳炫","1463.jpg",0
"-H-Yue7","1525.jpg",8
"Esterla.","1525.jpg",7
"JK","1525.jpg",7
"liuqianwen","1525.jpg",6
"lqy1910","1525.jpg",6
"Mc2255o","1525.jpg",2
"Midi","1525.jpg",8
"wangxiangronng","1525.jpg",2
"wxxwhao","1525.jpg",7
"邓岩","1525.jpg",6
"太贵了","1525.jpg",8
"夏至","1525.jpg",6
"星辰","1525.jpg",8
"张佳炫","1525.jpg",6
"-H-Yue7","1560.jpg",7
"Esterla.","1560.jpg",2
"JK","1560.jpg",3
"liuqianwen","1560.jpg",0
"lqy1910","1560.jpg",7
"Mc2255o","1560.jpg",6
"Midi","1560.jpg",5
"wangxiangronng","1560.jpg",3
"wxxwhao","1560.jpg",7
"邓岩","1560.jpg",2
"太贵了","1560.jpg",4
"夏至","1560.jpg",2
"星辰","1560.jpg",1
"张佳炫","1560.jpg",2
"-H-Yue7","1640.jpg",7
"Esterla.","1640.jpg",0
"JK","1640.jpg",4
"liuqianwen","1640.jpg",0
"lqy1910","1640.jpg",7
"Mc2255o","1640.jpg",1
"Midi","1640.jpg",5
"wxxwhao","1640.jpg",7
"邓岩","1640.jpg",0
"太贵了","1640.jpg",5
"夏至","1640.jpg",4
"星辰","1640.jpg",4
"张佳炫","1640.jpg",2
"-H-Yue7","1650.jpg",7
"Esterla.","1650.jpg",7
"JK","1650.jpg",6
"liuqianwen","1650.jpg",5
"lqy1910","1650.jpg",7
"Mc2255o","1650.jpg",0
"Midi","1650.jpg",5
"wangxiangronng","1650.jpg",3
"wxxwhao","1650.jpg",3
"邓岩","1650.jpg",3
"太贵了","1650.jpg",3
"夏至","1650.jpg",6
"星辰","1650.jpg",5
"张佳炫","1650.jpg",6
"-H-Yue7","1675.jpg",6
"Esterla.","1675.jpg",7
"JK","1675.jpg",7
"liuqianwen","1675.jpg",3
"lqy1910","1675.jpg",2
"Mc2255o","1675.jpg",5
"Midi","1675.jpg",3
"wangxiangronng","1675.jpg",3
"wxxwhao","1675.jpg",2
"邓岩","1675.jpg",4
"太贵了","1675.jpg",2
"夏至","1675.jpg",6
"星辰","1675.jpg",5
"张佳炫","1675.jpg",3
"-H-Yue7","1726.jpg",8
"Esterla.","1726.jpg",7
"JK","1726.jpg",8
"liuqianwen","1726.jpg",7
"lqy1910","1726.jpg",3
"Mc2255o","1726.jpg",6
"Midi","1726.jpg",7
"wangxiangronng","1726.jpg",5
"wxxwhao","1726.jpg",7
"邓岩","1726.jpg",6
"太贵了","1726.jpg",4
"夏至","1726.jpg",6
"星辰","1726.jpg",6
"张佳炫","1726.jpg",5
"-H-Yue7","1930.jpg",6
"Esterla.","1930.jpg",6
"JK","1930.jpg",6
"liuqianwen","1930.jpg",8
"Mc2255o","1930.jpg",7
"Midi","1930.jpg",7
"wangxiangronng","1930.jpg",3
"wxxwhao","1930.jpg",8
"邓岩","1930.jpg",6
"太贵了","1930.jpg",6
"夏至","1930.jpg",6
"星辰","1930.jpg",5
"张佳炫","1930.jpg",5
"-H-Yue7","1931.jpg",8
"Esterla.","1931.jpg",8
"JK","1931.jpg",7
"liuqianwen","1931.jpg",5
"lqy1910","1931.jpg",3
"Mc2255o","1931.jpg",3
"Midi","1931.jpg",6
"wangxiangronng","1931.jpg",2
"wxxwhao","1931.jpg",7
"邓岩","1931.jpg",5
"太贵了","1931.jpg",4
"夏至","1931.jpg",7
"星辰","1931.jpg",4
"张佳炫","1931.jpg",6
"-H-Yue7","1932.jpg",9
"Esterla.","1932.jpg",8
"JK","1932.jpg",7
"liuqianwen","1932.jpg",7
"Mc2255o","1932.jpg",2
"Midi","1932.jpg",8
"wangxiangronng","1932.jpg",3
"wxxwhao","1932.jpg",8
"邓岩","1932.jpg",4
"太贵了","1932.jpg",7
"夏至","1932.jpg",6
"星辰","1932.jpg",7
"张佳炫","1932.jpg",6
"-H-Yue7","2053.jpg",9
"Esterla.","2053.jpg",8
"JK","2053.jpg",9
"liuqianwen","2053.jpg",0
"lqy1910","2053.jpg",9
"Mc2255o","2053.jpg",7
"Midi","2053.jpg",8
"wangxiangronng","2053.jpg",2
"wxxwhao","2053.jpg",7
"邓岩","2053.jpg",6
"太贵了","2053.jpg",1
"夏至","2053.jpg",3
"星辰","2053.jpg",4
"张佳炫","2053.jpg",9
"-H-Yue7","2095.jpg",9
"Esterla.","2095.jpg",6
"JK","2095.jpg",6
"liuqianwen","2095.jpg",2
"Mc2255o","2095.jpg",6
"Midi","2095.jpg",7
"wangxiangronng","2095.jpg",2
"wxxwhao","2095.jpg",5
"邓岩","2095.jpg",7
"太贵了","2095.jpg",6
"夏至","2095.jpg",2
"星辰","2095.jpg",7
"张佳炫","2095.jpg",8
"-H-Yue7","2100.jpg",7
"Esterla.","2100.jpg",2
"JK","2100.jpg",6
"liuqianwen","2100.jpg",2
"Mc2255o","2100.jpg",6
"Midi","2100.jpg",8
"wxxwhao","2100.jpg",5
"邓岩","2100.jpg",2
"太贵了","2100.jpg",3
"夏至","2100.jpg",2
"星辰","2100.jpg",1
"张佳炫","2100.jpg",3
"-H-Yue7","2110.jpg",7
"Esterla.","2110.jpg",1
"JK","2110.jpg",6
"liuqianwen","2110.jpg",2
"Mc2255o","2110.jpg",1
"Midi","2110.jpg",8
"wangxiangronng","2110.jpg",7
"wxxwhao","2110.jpg",2
"邓岩","2110.jpg",3
"太贵了","2110.jpg",2
"夏至","2110.jpg",1
"星辰","2110.jpg",0
"张佳炫","2110.jpg",5
"-H-Yue7","2120.jpg",8
"Esterla.","2120.jpg",2
"JK","2120.jpg",8
"liuqianwen","2120.jpg",1
"lqy1910","2120.jpg",9
"Mc2255o","2120.jpg",6
"Midi","2120.jpg",7
"wangxiangronng","2120.jpg",7
"wxxwhao","2120.jpg",3
"邓岩","2120.jpg",5
"太贵了","2120.jpg",5
"夏至","2120.jpg",2
"星辰","2120.jpg",5
"张佳炫","2120.jpg",4
"-H-Yue7","2141.jpg",6
"Esterla.","2141.jpg",2
"JK","2141.jpg",1
"liuqianwen","2141.jpg",0
"lqy1910","2141.jpg",7
"Mc2255o","2141.jpg",6
"Midi","2141.jpg",6
"wangxiangronng","2141.jpg",2
"wxxwhao","2141.jpg",3
"邓岩","2141.jpg",3
"太贵了","2141.jpg",3
"夏至","2141.jpg",6
"星辰","2141.jpg",5
"张佳炫","2141.jpg",6
"-H-Yue7","2220.jpg",0
"Esterla.","2220.jpg",0
"JK","2220.jpg",7
"liuqianwen","2220.jpg",0
"lqy1910","2220.jpg",7
"Mc2255o","2220.jpg",2
"Midi","2220.jpg",7
"wangxiangronng","2220.jpg",3
"wxxwhao","2220.jpg",2
"邓岩","2220.jpg",3
"太贵了","2220.jpg",2
"夏至","2220.jpg",3
"星辰","2220.jpg",1
"张佳炫","2220.jpg",3
"-H-Yue7","2221.jpg",2
"Esterla.","2221.jpg",0
"JK","2221.jpg",5
"liuqianwen","2221.jpg",0
"Mc2255o","2221.jpg",1
"Midi","2221.jpg",3
"wangxiangronng","2221.jpg",4
"wxxwhao","2221.jpg",2
"邓岩","2221.jpg",0
"太贵了","2221.jpg",2
"夏至","2221.jpg",0
"星辰","2221.jpg",1
"张佳炫","2221.jpg",4
"-H-Yue7","2278.jpg",6
"Esterla.","2278.jpg",3
"JK","2278.jpg",2
"liuqianwen","2278.jpg",0
"lqy1910","2278.jpg",5
"Mc2255o","2278.jpg",7
"Midi","2278.jpg",6
"wangxiangronng","2278.jpg",6
"wxxwhao","2278.jpg",3
"邓岩","2278.jpg",2
"太贵了","2278.jpg",2
"夏至","2278.jpg",4
"星辰","2278.jpg",1
"张佳炫","2278.jpg",7
"-H-Yue7","2312.jpg",0
"Esterla.","2312.jpg",0
"JK","2312.jpg",6
"liuqianwen","2312.jpg",0
"lqy1910","2312.jpg",4
"Mc2255o","2312.jpg",2
"Midi","2312.jpg",7
"wxxwhao","2312.jpg",4
"邓岩","2312.jpg",1
"太贵了","2312.jpg",2
"夏至","2312.jpg",1
"星辰","2312.jpg",0
"张佳炫","2312.jpg",3
"-H-Yue7","2346.jpg",7
"Esterla.","2346.jpg",1
"JK","2346.jpg",4
"liuqianwen","2346.jpg",0
"lqy1910","2346.jpg",3
"Mc2255o","2346.jpg",5
"Midi","2346.jpg",5
"wangxiangronng","2346.jpg",3
"wxxwhao","2346.jpg",3
"邓岩","2346.jpg",0
"太贵了","2346.jpg",5
"夏至","2346.jpg",2
"星辰","2346.jpg",0
"张佳炫","2346.jpg",1
"-H-Yue7","2352.2.jpg",8
"Esterla.","2352.2.jpg",9
"JK","2352.2.jpg",8
"liuqianwen","2352.2.jpg",5
"lqy1910","2352.2.jpg",7
"Mc2255o","2352.2.jpg",5
"Midi","2352.2.jpg",9
"wangxiangronng","2352.2.jpg",2
"wxxwhao","2352.2.jpg",9
"邓岩","2352.2.jpg",9
"太贵了","2352.2.jpg",7
"夏至","2352.2.jpg",9
"星辰","2352.2.jpg",9
"张佳炫","2352.2.jpg",9
"-H-Yue7","2352.jpg",8
"Esterla.","2352.jpg",5
"JK","2352.jpg",0
"liuqianwen","2352.jpg",1
"lqy1910","2352.jpg",6
"Mc2255o","2352.jpg",1
"Midi","2352.jpg",6
"wangxiangronng","2352.jpg",3
"wxxwhao","2352.jpg",4
"邓岩","2352.jpg",1
"太贵了","2352.jpg",1
"夏至","2352.jpg",0
"星辰","2352.jpg",0
"张佳炫","2352.jpg",0
"-H-Yue7","2410.jpg",7
"Esterla.","2410.jpg",6
"JK","2410.jpg",1
"liuqianwen","2410.jpg",1
"Mc2255o","2410.jpg",0
"Midi","2410.jpg",3
"wxxwhao","2410.jpg",1
"邓岩","2410.jpg",1
"太贵了","2410.jpg",6
"夏至","2410.jpg",2
"星辰","2410.jpg",1
"张佳炫","2410.jpg",3
"-H-Yue7","2446.jpg",7
"Esterla.","2446.jpg",0
"JK","2446.jpg",8
"liuqianwen","2446.jpg",0
"lqy1910","2446.jpg",4
"Mc2255o","2446.jpg",6
"Midi","2446.jpg",6
"wxxwhao","2446.jpg",5
"邓岩","2446.jpg",0
"太贵了","2446.jpg",2
"夏至","2446.jpg",1
"星辰","2446.jpg",0
"张佳炫","2446.jpg",2
"-H-Yue7","2455.jpg",9
"Esterla.","2455.jpg",1
"JK","2455.jpg",4
"liuqianwen","2455.jpg",0
"lqy1910","2455.jpg",4
"Mc2255o","2455.jpg",6
"Midi","2455.jpg",5
"wangxiangronng","2455.jpg",3
"wxxwhao","2455.jpg",3
"邓岩","2455.jpg",0
"太贵了","2455.jpg",2
"夏至","2455.jpg",2
"星辰","2455.jpg",0
"张佳炫","2455.jpg",4
"-H-Yue7","2491.jpg",8
"Esterla.","2491.jpg",0
"JK","2491.jpg",1
"liuqianwen","2491.jpg",0
"lqy1910","2491.jpg",8
"Mc2255o","2491.jpg",5
"Midi","2491.jpg",5
"wxxwhao","2491.jpg",4
"邓岩","2491.jpg",0
"太贵了","2491.jpg",1
"夏至","2491.jpg",1
"星辰","2491.jpg",1
"张佳炫","2491.jpg",1
"Esterla.","2605.jpg",0
"JK","2605.jpg",3
"liuqianwen","2605.jpg",0
"lqy1910","2605.jpg",6
"Mc2255o","2605.jpg",6
"Midi","2605.jpg",4
"wangxiangronng","2605.jpg",3
"wxxwhao","2605.jpg",7
"邓岩","2605.jpg",0
"太贵了","2605.jpg",4
"夏至","2605.jpg",2
"星辰","2605.jpg",0
"张佳炫","2605.jpg",4
"-H-Yue7","2635.jpg",0
"Esterla.","2635.jpg",0
"JK","2635.jpg",2
"liuqianwen","2635.jpg",0
"Mc2255o","2635.jpg",5
"Midi","2635.jpg",5
"wangxiangronng","2635.jpg",3
"wxxwhao","2635.jpg",2
"邓岩","2635.jpg",1
"太贵了","2635.jpg",2
"夏至","2635.jpg",1
"星辰","2635.jpg",0
"张佳炫","2635.jpg",0
"-H-Yue7","2655.jpg",7
"Esterla.","2655.jpg",0
"JK","2655.jpg",0
"liuqianwen","2655.jpg",0
"Mc2255o","2655.jpg",4
"Midi","2655.jpg",6
"wangxiangronng","2655.jpg",3
"wxxwhao","2655.jpg",1
"邓岩","2655.jpg",0
"太贵了","2655.jpg",2
"夏至","2655.jpg",3
"星辰","2655.jpg",0
"张佳炫","2655.jpg",1
"-H-Yue7","2660.jpg",0
"Esterla.","2660.jpg",1
"JK","2660.jpg",0
"liuqianwen","2660.jpg",0
"Mc2255o","2660.jpg",2
"Midi","2660.jpg",5
"wangxiangronng","2660.jpg",3
"wxxwhao","2660.jpg",0
"邓岩","2660.jpg",0
"太贵了","2660.jpg",2
"夏至","2660.jpg",0
"星辰","2660.jpg",1
"张佳炫","2660.jpg",0
"-H-Yue7","2661.jpg",8
"Esterla.","2661.jpg",8
"JK","2661.jpg",1
"liuqianwen","2661.jpg",1
"lqy1910","2661.jpg",4
"Mc2255o","2661.jpg",7
"Midi","2661.jpg",8
"wangxiangronng","2661.jpg",2
"wxxwhao","2661.jpg",8
"邓岩","2661.jpg",3
"太贵了","2661.jpg",5
"夏至","2661.jpg",3
"星辰","2661.jpg",8
"张佳炫","2661.jpg",7
"-H-Yue7","2681.jpg",9
"Esterla.","2681.jpg",2
"JK","2681.jpg",0
"liuqianwen","2681.jpg",1
"lqy1910","2681.jpg",4
"Mc2255o","2681.jpg",2
"Midi","2681.jpg",7
"wangxiangronng","2681.jpg",3
"wxxwhao","2681.jpg",6
"邓岩","2681.jpg",1
"太贵了","2681.jpg",6
"夏至","2681.jpg",5
"星辰","2681.jpg",6
"张佳炫","2681.jpg",4
"-H-Yue7","2682.jpg",9
"Esterla.","2682.jpg",1
"JK","2682.jpg",4
"liuqianwen","2682.jpg",0
"lqy1910","2682.jpg",8
"Mc2255o","2682.jpg",4
"Midi","2682.jpg",7
"wxxwhao","2682.jpg",3
"邓岩","2682.jpg",1
"太贵了","2682.jpg",5
"夏至","2682.jpg",4
"星辰","2682.jpg",1
"张佳炫","2682.jpg",5
"-H-Yue7","2683.jpg",8
"Esterla.","2683.jpg",6
"JK","2683.jpg",7
"liuqianwen","2683.jpg",3
"lqy1910","2683.jpg",7
"Mc2255o","2683.jpg",8
"Midi","2683.jpg",8
"wangxiangronng","2683.jpg",2
"wxxwhao","2683.jpg",6
"邓岩","2683.jpg",1
"太贵了","2683.jpg",4
"夏至","2683.jpg",5
"星辰","2683.jpg",6
"张佳炫","2683.jpg",7
"-H-Yue7","2691.jpg",6
"Esterla.","2691.jpg",3
"JK","2691.jpg",7
"liuqianwen","2691.jpg",1
"lqy1910","2691.jpg",4
"Mc2255o","2691.jpg",6
"Midi","2691.jpg",8
"wangxiangronng","2691.jpg",2
"wxxwhao","2691.jpg",6
"邓岩","2691.jpg",2
"太贵了","2691.jpg",6
"夏至","2691.jpg",4
"星辰","2691.jpg",5
"张佳炫","2691.jpg",7
"-H-Yue7","2692.jpg",8
"Esterla.","2692.jpg",5
"JK","2692.jpg",3
"liuqianwen","2692.jpg",5
"lqy1910","2692.jpg",5
"Mc2255o","2692.jpg",7
"Midi","2692.jpg",6
"wangxiangronng","2692.jpg",3
"wxxwhao","2692.jpg",5
"邓岩","2692.jpg",3
"太贵了","2692.jpg",4
"夏至","2692.jpg",6
"星辰","2692.jpg",1
"张佳炫","2692.jpg",5
"-H-Yue7","2694.jpg",8
"Esterla.","2694.jpg",4
"JK","2694.jpg",2
"liuqianwen","2694.jpg",2
"lqy1910","2694.jpg",2
"Mc2255o","2694.jpg",5
"Midi","2694.jpg",8
"wangxiangronng","2694.jpg",3
"wxxwhao","2694.jpg",6
"邓岩","2694.jpg",0
"太贵了","2694.jpg",3
"夏至","2694.jpg",4
"星辰","2694.jpg",5
"张佳炫","2694.jpg",4
"-H-Yue7","2695.jpg",8
"Esterla.","2695.jpg",1
"JK","2695.jpg",6
"liuqianwen","2695.jpg",3
"lqy1910","2695.jpg",9
"Mc2255o","2695.jpg",4
"Midi","2695.jpg",5
"wangxiangronng","2695.jpg",2
"wxxwhao","2695.jpg",6
"邓岩","2695.jpg",0
"太贵了","2695.jpg",4
"夏至","2695.jpg",4
"星辰","2695.jpg",7
"张佳炫","2695.jpg",6
"-H-Yue7","2703.jpg",9
"Esterla.","2703.jpg",5
"JK","2703.jpg",1
"liuqianwen","2703.jpg",1
"lqy1910","2703.jpg",7
"Mc2255o","2703.jpg",6
"Midi","2703.jpg",9
"wangxiangronng","2703.jpg",4
"wxxwhao","2703.jpg",4
"邓岩","2703.jpg",5
"太贵了","2703.jpg",6
"夏至","2703.jpg",3
"星辰","2703.jpg",4
"张佳炫","2703.jpg",7
"-H-Yue7","2704.jpg",5
"Esterla.","2704.jpg",3
"JK","2704.jpg",6
"liuqianwen","2704.jpg",1
"lqy1910","2704.jpg",7
"Mc2255o","2704.jpg",3
"Midi","2704.jpg",7
"wangxiangronng","2704.jpg",3
"wxxwhao","2704.jpg",7
"邓岩","2704.jpg",1
"太贵了","2704.jpg",3
"夏至","2704.jpg",5
"星辰","2704.jpg",0
"张佳炫","2704.jpg",6
"-H-Yue7","2717.jpg",9
"Esterla.","2717.jpg",5
"JK","2717.jpg",5
"liuqianwen","2717.jpg",1
"lqy1910","2717.jpg",5
"Mc2255o","2717.jpg",7
"Midi","2717.jpg",7
"wangxiangronng","2717.jpg",2
"wxxwhao","2717.jpg",7
"邓岩","2717.jpg",2
"太贵了","2717.jpg",4
"夏至","2717.jpg",2
"星辰","2717.jpg",4
"张佳炫","2717.jpg",6
"-H-Yue7","2751.jpg",7
"Esterla.","2751.jpg",3
"JK","2751.jpg",1
"liuqianwen","2751.jpg",1
"Mc2255o","2751.jpg",5
"Midi","2751.jpg",5
"wangxiangronng","2751.jpg",3
"wxxwhao","2751.jpg",9
"邓岩","2751.jpg",4
"太贵了","2751.jpg",2
"夏至","2751.jpg",3
"星辰","2751.jpg",3
"张佳炫","2751.jpg",0
"Esterla.","2780.jpg",6
"JK","2780.jpg",5
"liuqianwen","2780.jpg",1
"lqy1910","2780.jpg",2
"Mc2255o","2780.jpg",6
"Midi","2780.jpg",6
"wangxiangronng","2780.jpg",3
"wxxwhao","2780.jpg",7
"邓岩","2780.jpg",4
"太贵了","2780.jpg",6
"夏至","2780.jpg",4
"星辰","2780.jpg",7
"张佳炫","2780.jpg",5
"-H-Yue7","2799.jpg",8
"Esterla.","2799.jpg",4
"JK","2799.jpg",6
"liuqianwen","2799.jpg",0
"lqy1910","2799.jpg",6
"Mc2255o","2799.jpg",5
"Midi","2799.jpg",6
"wangxiangronng","2799.jpg",7
"wxxwhao","2799.jpg",6
"邓岩","2799.jpg",2
"太贵了","2799.jpg",4
"夏至","2799.jpg",3
"星辰","2799.jpg",0
"张佳炫","2799.jpg",6
"-H-Yue7","2800.jpg",8
"Esterla.","2800.jpg",9
"JK","2800.jpg",7
"liuqianwen","2800.jpg",4
"lqy1910","2800.jpg",8
"Mc2255o","2800.jpg",7
"Midi","2800.jpg",8
"wxxwhao","2800.jpg",7
"邓岩","2800.jpg",5
"太贵了","2800.jpg",6
"夏至","2800.jpg",3
"星辰","2800.jpg",8
"张佳炫","2800.jpg",8
"-H-Yue7","2811.jpg",8
"Esterla.","2811.jpg",6
"JK","2811.jpg",9
"liuqianwen","2811.jpg",5
"Mc2255o","2811.jpg",6
"Midi","2811.jpg",7
"wangxiangronng","2811.jpg",5
"wxxwhao","2811.jpg",8
"邓岩","2811.jpg",1
"太贵了","2811.jpg",6
"夏至","2811.jpg",5
"星辰","2811.jpg",6
"张佳炫","2811.jpg",5
"-H-Yue7","3181.jpg",9
"Esterla.","3181.jpg",6
"JK","3181.jpg",3
"liuqianwen","3181.jpg",1
"Mc2255o","3181.jpg",5
"Midi","3181.jpg",8
"wangxiangronng","3181.jpg",2
"wxxwhao","3181.jpg",7
"邓岩","3181.jpg",6
"太贵了","3181.jpg",4
"夏至","3181.jpg",3
"星辰","3181.jpg",9
"张佳炫","3181.jpg",7
"-H-Yue7","3210.jpg",9
"Esterla.","3210.jpg",4
"JK","3210.jpg",3
"liuqianwen","3210.jpg",2
"lqy1910","3210.jpg",9
"Mc2255o","3210.jpg",9
"Midi","3210.jpg",8
"wangxiangronng","3210.jpg",2
"wxxwhao","3210.jpg",3
"邓岩","3210.jpg",0
"太贵了","3210.jpg",6
"夏至","3210.jpg",6
"星辰","3210.jpg",0
"张佳炫","3210.jpg",7
"-H-Yue7","3215.jpg",6
"Esterla.","3215.jpg",5
"JK","3215.jpg",9
"liuqianwen","3215.jpg",2
"lqy1910","3215.jpg",9
"Mc2255o","3215.jpg",7
"Midi","3215.jpg",7
"wangxiangronng","3215.jpg",2
"wxxwhao","3215.jpg",6
"邓岩","3215.jpg",1
"太贵了","3215.jpg",4
"夏至","3215.jpg",3
"星辰","3215.jpg",7
"张佳炫","3215.jpg",6
"-H-Yue7","3225.jpg",9
"Esterla.","3225.jpg",9
"JK","3225.jpg",7
"liuqianwen","3225.jpg",3
"Mc2255o","3225.jpg",5
"Midi","3225.jpg",8
"wangxiangronng","3225.jpg",4
"wxxwhao","3225.jpg",7
"邓岩","3225.jpg",6
"太贵了","3225.jpg",6
"夏至","3225.jpg",4
"星辰","3225.jpg",9
"张佳炫","3225.jpg",8
"-H-Yue7","3266.jpg",9
"Esterla.","3266.jpg",9
"JK","3266.jpg",9
"liuqianwen","3266.jpg",7
"lqy1910","3266.jpg",7
"Mc2255o","3266.jpg",9
"Midi","3266.jpg",9
"wangxiangronng","3266.jpg",2
"wxxwhao","3266.jpg",8
"邓岩","3266.jpg",9
"太贵了","3266.jpg",6
"夏至","3266.jpg",9
"星辰","3266.jpg",7
"张佳炫","3266.jpg",9
"-H-Yue7","3280.jpg",7
"Esterla.","3280.jpg",1
"JK","3280.jpg",2
"liuqianwen","3280.jpg",4
"Mc2255o","3280.jpg",7
"Midi","3280.jpg",7
"wangxiangronng","3280.jpg",3
"wxxwhao","3280.jpg",5
"邓岩","3280.jpg",1
"太贵了","3280.jpg",5
"夏至","3280.jpg",4
"星辰","3280.jpg",0
"张佳炫","3280.jpg",5
"-H-Yue7","3500.jpg",8
"Esterla.","3500.jpg",5
"JK","3500.jpg",8
"liuqianwen","3500.jpg",4
"lqy1910","3500.jpg",6
"Mc2255o","3500.jpg",4
"Midi","3500.jpg",7
"wangxiangronng","3500.jpg",2
"wxxwhao","3500.jpg",9
"邓岩","3500.jpg",4
"太贵了","3500.jpg",3
"夏至","3500.jpg",6
"星辰","3500.jpg",8
"张佳炫","3500.jpg",7
"-H-Yue7","3530.jpg",9
"Esterla.","3530.jpg",8
"JK","3530.jpg",9
"liuqianwen","3530.jpg",3
"Mc2255o","3530.jpg",8
"Midi","3530.jpg",8
"wxxwhao","3530.jpg",9
"邓岩","3530.jpg",4
"太贵了","3530.jpg",7
"夏至","3530.jpg",7
"星辰","3530.jpg",9
"张佳炫","3530.jpg",8
"-H-Yue7","3550.jpg",8
"Esterla.","3550.jpg",7
"JK","3550.jpg",7
"liuqianwen","3550.jpg",1
"lqy1910","3550.jpg",4
"Mc2255o","3550.jpg",8
"Midi","3550.jpg",9
"wxxwhao","3550.jpg",8
"邓岩","3550.jpg",5
"太贵了","3550.jpg",4
"夏至","3550.jpg",4
"星辰","3550.jpg",8
"张佳炫","3550.jpg",9
"-H-Yue7","4503.jpg",8
"Esterla.","4503.jpg",0
"JK","4503.jpg",4
"liuqianwen","4503.jpg",0
"lqy1910","4503.jpg",5
"Mc2255o","4503.jpg",7
"Midi","4503.jpg",5
"wangxiangronng","4503.jpg",2
"wxxwhao","4503.jpg",0
"邓岩","4503.jpg",1
"太贵了","4503.jpg",1
"夏至","4503.jpg",2
"星辰","4503.jpg",0
"张佳炫","4503.jpg",0
"-H-Yue7","5520.jpg",7
"Esterla.","5520.jpg",0
"JK","5520.jpg",2
"liuqianwen","5520.jpg",0
"lqy1910","5520.jpg",5
"Mc2255o","5520.jpg",6
"Midi","5520.jpg",4
"wangxiangronng","5520.jpg",5
"wxxwhao","5520.jpg",2
"邓岩","5520.jpg",1
"太贵了","5520.jpg",3
"夏至","5520.jpg",0
"星辰","5520.jpg",0
"张佳炫","5520.jpg",2
"-H-Yue7","5628.jpg",7
"Esterla.","5628.jpg",1
"JK","5628.jpg",4
"liuqianwen","5628.jpg",0
"lqy1910","5628.jpg",6
"Mc2255o","5628.jpg",4
"Midi","5628.jpg",5
"wangxiangronng","5628.jpg",2
"wxxwhao","5628.jpg",6
"邓岩","5628.jpg",1
"太贵了","5628.jpg",4
"夏至","5628.jpg",3
"星辰","5628.jpg",1
"张佳炫","5628.jpg",7
"-H-Yue7","5900.jpg",2
"Esterla.","5900.jpg",0
"JK","5900.jpg",3
"liuqianwen","5900.jpg",0
"lqy1910","5900.jpg",5
"Mc2255o","5900.jpg",1
"Midi","5900.jpg",5
"wangxiangronng","5900.jpg",2
"wxxwhao","5900.jpg",1
"邓岩","5900.jpg",0
"太贵了","5900.jpg",1
"夏至","5900.jpg",3
"星辰","5900.jpg",0
"张佳炫","5900.jpg",1
"-H-Yue7","5920.jpg",4
"Esterla.","5920.jpg",7
"JK","5920.jpg",5
"liuqianwen","5920.jpg",3
"Mc2255o","5920.jpg",5
"Midi","5920.jpg",9
"wangxiangronng","5920.jpg",3
"wxxwhao","5920.jpg",5
"邓岩","5920.jpg",0
"太贵了","5920.jpg",3
"夏至","5920.jpg",4
"星辰","5920.jpg",6
"张佳炫","5920.jpg",6
"-H-Yue7","5940.jpg",8
"Esterla.","5940.jpg",6
"JK","5940.jpg",7
"liuqianwen","5940.jpg",7
"Mc2255o","5940.jpg",9
"Midi","5940.jpg",7
"wangxiangronng","5940.jpg",3
"wxxwhao","5940.jpg",8
"邓岩","5940.jpg",0
"太贵了","5940.jpg",4
"夏至","5940.jpg",4
"星辰","5940.jpg",1
"张佳炫","5940.jpg",7
"-H-Yue7","5950.jpg",8
"Esterla.","5950.jpg",4
"JK","5950.jpg",5
"liuqianwen","5950.jpg",1
"lqy1910","5950.jpg",3
"Mc2255o","5950.jpg",5
"Midi","5950.jpg",6
"wangxiangronng","5950.jpg",3
"wxxwhao","5950.jpg",6
"邓岩","5950.jpg",2
"太贵了","5950.jpg",5
"夏至","5950.jpg",4
"星辰","5950.jpg",1
"张佳炫","5950.jpg",3
"-H-Yue7","5972.jpg",7
"Esterla.","5972.jpg",0
"JK","5972.jpg",7
"liuqianwen","5972.jpg",1
"lqy1910","5972.jpg",8
"Mc2255o","5972.jpg",5
"Midi","5972.jpg",9
"wxxwhao","5972.jpg",2
"邓岩","5972.jpg",3
"太贵了","5972.jpg",3
"夏至","5972.jpg",3
"星辰","5972.jpg",3
"张佳炫","5972.jpg",2
"-H-Yue7","6242.jpg",8
"Esterla.","6242.jpg",6
"JK","6242.jpg",9
"liuqianwen","6242.jpg",5
"lqy1910","6242.jpg",6
"Mc2255o","6242.jpg",2
"Midi","6242.jpg",6
"wxxwhao","6242.jpg",6
"邓岩","6242.jpg",3
"太贵了","6242.jpg",4
"夏至","6242.jpg",5
"星辰","6242.jpg",8
"张佳炫","6242.jpg",5
"-H-Yue7","6243.jpg",9
"Esterla.","6243.jpg",6
"JK","6243.jpg",8
"liuqianwen","6243.jpg",4
"lqy1910","6243.jpg",3
"Mc2255o","6243.jpg",5
"Midi","6243.jpg",7
"wangxiangronng","6243.jpg",3
"wxxwhao","6243.jpg",6
"邓岩","6243.jpg",3
"太贵了","6243.jpg",3
"夏至","6243.jpg",4
"星辰","6243.jpg",6
"张佳炫","6243.jpg",5
"-H-Yue7","6300.jpg",8
"Esterla.","6300.jpg",2
"JK","6300.jpg",1
"liuqianwen","6300.jpg",3
"Mc2255o","6300.jpg",5
"Midi","6300.jpg",7
"wangxiangronng","6300.jpg",2
"wxxwhao","6300.jpg",7
"邓岩","6300.jpg",3
"太贵了","6300.jpg",6
"夏至","6300.jpg",7
"星辰","6300.jpg",9
"张佳炫","6300.jpg",6
"-H-Yue7","6311.jpg",9
"Esterla.","6311.jpg",2
"JK","6311.jpg",6
"liuqianwen","6311.jpg",1
"lqy1910","6311.jpg",9
"Mc2255o","6311.jpg",6
"Midi","6311.jpg",7
"wangxiangronng","6311.jpg",3
"wxxwhao","6311.jpg",3
"邓岩","6311.jpg",7
"太贵了","6311.jpg",7
"夏至","6311.jpg",2
"星辰","6311.jpg",5
"张佳炫","6311.jpg",4
"-H-Yue7","6312.jpg",9
"Esterla.","6312.jpg",2
"JK","6312.jpg",8
"liuqianwen","6312.jpg",1
"lqy1910","6312.jpg",7
"Mc2255o","6312.jpg",5
"Midi","6312.jpg",8
"wangxiangronng","6312.jpg",3
"wxxwhao","6312.jpg",6
"邓岩","6312.jpg",4
"太贵了","6312.jpg",3
"夏至","6312.jpg",6
"星辰","6312.jpg",2
"张佳炫","6312.jpg",5
"-H-Yue7","6313.jpg",7
"Esterla.","6313.jpg",5
"JK","6313.jpg",8
"liuqianwen","6313.jpg",3
"lqy1910","6313.jpg",3
"Mc2255o","6313.jpg",7
"Midi","6313.jpg",9
"wangxiangronng","6313.jpg",2
"wxxwhao","6313.jpg",9
"邓岩","6313.jpg",5
"太贵了","6313.jpg",7
"夏至","6313.jpg",7
"星辰","6313.jpg",7
"张佳炫","6313.jpg",6
"-H-Yue7","6315.jpg",9
"Esterla.","6315.jpg",4
"JK","6315.jpg",8
"liuqianwen","6315.jpg",2
"lqy1910","6315.jpg",5
"Mc2255o","6315.jpg",5
"Midi","6315.jpg",8
"wangxiangronng","6315.jpg",3
"wxxwhao","6315.jpg",8
"邓岩","6315.jpg",3
"太贵了","6315.jpg",6
"夏至","6315.jpg",6
"星辰","6315.jpg",4
"张佳炫","6315.jpg",5
"-H-Yue7","6415.jpg",5
"Esterla.","6415.jpg",8
"JK","6415.jpg",6
"liuqianwen","6415.jpg",1
"lqy1910","6415.jpg",8
"Mc2255o","6415.jpg",8
"Midi","6415.jpg",6
"wangxiangronng","6415.jpg",7
"wxxwhao","6415.jpg",9
"邓岩","6415.jpg",8
"太贵了","6415.jpg",3
"夏至","6415.jpg",5
"星辰","6415.jpg",7
"张佳炫","6415.jpg",8
"-H-Yue7","6540.jpg",7
"Esterla.","6540.jpg",6
"JK","6540.jpg",8
"liuqianwen","6540.jpg",3
"lqy1910","6540.jpg",8
"Mc2255o","6540.jpg",4
"Midi","6540.jpg",9
"wangxiangronng","6540.jpg",3
"wxxwhao","6540.jpg",8
"邓岩","6540.jpg",5
"太贵了","6540.jpg",5
"夏至","6540.jpg",7
"星辰","6540.jpg",6
"张佳炫","6540.jpg",6
"-H-Yue7","6571.jpg",7
"Esterla.","6571.jpg",6
"JK","6571.jpg",7
"liuqianwen","6571.jpg",3
"lqy1910","6571.jpg",4
"Mc2255o","6571.jpg",4
"Midi","6571.jpg",7
"wangxiangronng","6571.jpg",2
"wxxwhao","6571.jpg",7
"邓岩","6571.jpg",3
"太贵了","6571.jpg",6
"夏至","6571.jpg",5
"星辰","6571.jpg",9
"张佳炫","6571.jpg",5
"-H-Yue7","6821.jpg",9
"Esterla.","6821.jpg",8
"JK","6821.jpg",7
"liuqianwen","6821.jpg",3
"lqy1910","6821.jpg",7
"Mc2255o","6821.jpg",5
"Midi","6821.jpg",8
"wangxiangronng","6821.jpg",5
"wxxwhao","6821.jpg",7
"邓岩","6821.jpg",3
"太贵了","6821.jpg",4
"夏至","6821.jpg",7
"星辰","6821.jpg",9
"张佳炫","6821.jpg",7
"-H-Yue7","6836.jpg",8
"Esterla.","6836.jpg",4
"JK","6836.jpg",7
"liuqianwen","6836.jpg",0
"lqy1910","6836.jpg",7
"Mc2255o","6836.jpg",7
"Midi","6836.jpg",7
"wangxiangronng","6836.jpg",2
"wxxwhao","6836.jpg",7
"邓岩","6836.jpg",3
"太贵了","6836.jpg",4
"夏至","6836.jpg",5
"星辰","6836.jpg",3
"张佳炫","6836.jpg",5
"-H-Yue7","6838.jpg",9
"Esterla.","6838.jpg",2
"JK","6838.jpg",8
"liuqianwen","6838.jpg",0
"lqy1910","6838.jpg",8
"Mc2255o","6838.jpg",5
"Midi","6838.jpg",8
"wxxwhao","6838.jpg",7
"邓岩","6838.jpg",3
"太贵了","6838.jpg",5
"夏至","6838.jpg",7
"星辰","6838.jpg",0
"张佳炫","6838.jpg",6
"-H-Yue7","6840.jpg",9
"Esterla.","6840.jpg",2
"JK","6840.jpg",9
"liuqianwen","6840.jpg",1
"Mc2255o","6840.jpg",3
"Midi","6840.jpg",7
"wangxiangronng","6840.jpg",5
"wxxwhao","6840.jpg",5
"邓岩","6840.jpg",0
"太贵了","6840.jpg",3
"夏至","6840.jpg",5
"星辰","6840.jpg",7
"张佳炫","6840.jpg",2
"-H-Yue7","6900.jpg",5
"Esterla.","6900.jpg",5
"JK","6900.jpg",2
"liuqianwen","6900.jpg",5
"lqy1910","6900.jpg",8
"Mc2255o","6900.jpg",5
"Midi","6900.jpg",7
"wangxiangronng","6900.jpg",2
"wxxwhao","6900.jpg",6
"邓岩","6900.jpg",0
"太贵了","6900.jpg",2
"夏至","6900.jpg",3
"星辰","6900.jpg",0
"张佳炫","6900.jpg",2
"-H-Yue7","6940.jpg",6
"Esterla.","6940.jpg",8
"JK","6940.jpg",8
"liuqianwen","6940.jpg",4
"lqy1910","6940.jpg",3
"Mc2255o","6940.jpg",6
"Midi","6940.jpg",8
"wangxiangronng","6940.jpg",2
"wxxwhao","6940.jpg",8
"邓岩","6940.jpg",3
"太贵了","6940.jpg",6
"夏至","6940.jpg",5
"星辰","6940.jpg",7
"张佳炫","6940.jpg",8
"-H-Yue7","7054.jpg",3
"Esterla.","7054.jpg",0
"JK","7054.jpg",5
"liuqianwen","7054.jpg",1
"lqy1910","7054.jpg",9
"Mc2255o","7054.jpg",5
"Midi","7054.jpg",4
"wangxiangronng","7054.jpg",2
"wxxwhao","7054.jpg",4
"邓岩","7054.jpg",0
"太贵了","7054.jpg",3
"夏至","7054.jpg",0
"星辰","7054.jpg",0
"张佳炫","7054.jpg",1
"-H-Yue7","7361.jpg",9
"Esterla.","7361.jpg",8
"JK","7361.jpg",9
"liuqianwen","7361.jpg",6
"lqy1910","7361.jpg",6
"Mc2255o","7361.jpg",8
"Midi","7361.jpg",8
"wangxiangronng","7361.jpg",2
"wxxwhao","7361.jpg",9
"邓岩","7361.jpg",3
"太贵了","7361.jpg",7
"夏至","7361.jpg",7
"星辰","7361.jpg",0
"张佳炫","7361.jpg",9
"-H-Yue7","7380.jpg",9
"Esterla.","7380.jpg",5
"JK","7380.jpg",6
"liuqianwen","7380.jpg",6
"Mc2255o","7380.jpg",4
"Midi","7380.jpg",6
"wangxiangronng","7380.jpg",6
"wxxwhao","7380.jpg",5
"邓岩","7380.jpg",4
"太贵了","7380.jpg",5
"夏至","7380.jpg",7
"星辰","7380.jpg",6
"张佳炫","7380.jpg",4
"-H-Yue7","7640.jpg",8
"Esterla.","7640.jpg",6
"JK","7640.jpg",9
"liuqianwen","7640.jpg",2
"Mc2255o","7640.jpg",7
"Midi","7640.jpg",8
"wangxiangronng","7640.jpg",4
"wxxwhao","7640.jpg",8
"邓岩","7640.jpg",1
"太贵了","7640.jpg",3
"夏至","7640.jpg",5
"星辰","7640.jpg",1
"张佳炫","7640.jpg",9
"-H-Yue7","8160.jpg",6
"Esterla.","8160.jpg",5
"JK","8160.jpg",9
"liuqianwen","8160.jpg",5
"lqy1910","8160.jpg",7
"Mc2255o","8160.jpg",9
"Midi","8160.jpg",7
"wangxiangronng","8160.jpg",2
"wxxwhao","8160.jpg",9
"邓岩","8160.jpg",2
"太贵了","8160.jpg",2
"夏至","8160.jpg",2
"星辰","8160.jpg",2
"张佳炫","8160.jpg",7
"-H-Yue7","8179.jpg",8
"Esterla.","8179.jpg",4
"JK","8179.jpg",3
"liuqianwen","8179.jpg",1
"Mc2255o","8179.jpg",2
"Midi","8179.jpg",5
"wangxiangronng","8179.jpg",2
"wxxwhao","8179.jpg",6
"邓岩","8179.jpg",1
"太贵了","8179.jpg",1
"夏至","8179.jpg",6
"星辰","8179.jpg",8
"张佳炫","8179.jpg",8
"-H-Yue7","9050.jpg",7
"Esterla.","9050.jpg",5
"JK","9050.jpg",7
"liuqianwen","9050.jpg",3
"Mc2255o","9050.jpg",5
"Midi","9050.jpg",7
"wangxiangronng","9050.jpg",3
"wxxwhao","9050.jpg",8
"邓岩","9050.jpg",4
"太贵了","9050.jpg",5
"夏至","9050.jpg",6
"星辰","9050.jpg",9
"张佳炫","9050.jpg",7
"-H-Yue7","9102.jpg",8
"Esterla.","9102.jpg",5
"JK","9102.jpg",3
"liuqianwen","9102.jpg",1
"lqy1910","9102.jpg",8
"Mc2255o","9102.jpg",5
"Midi","9102.jpg",6
"wangxiangronng","9102.jpg",5
"wxxwhao","9102.jpg",6
"邓岩","9102.jpg",1
"太贵了","9102.jpg",7
"夏至","9102.jpg",2
"星辰","9102.jpg",4
"张佳炫","9102.jpg",6
"-H-Yue7","9250.jpg",9
"Esterla.","9250.jpg",3
"JK","9250.jpg",6
"liuqianwen","9250.jpg",3
"lqy1910","9250.jpg",8
"Mc2255o","9250.jpg",7
"Midi","9250.jpg",8
"wangxiangronng","9250.jpg",7
"wxxwhao","9250.jpg",5
"邓岩","9250.jpg",3
"太贵了","9250.jpg",5
"夏至","9250.jpg",3
"星辰","9250.jpg",7
"张佳炫","9250.jpg",8
"-H-Yue7","9270.jpg",7
"Esterla.","9270.jpg",2
"JK","9270.jpg",0
"liuqianwen","9270.jpg",3
"lqy1910","9270.jpg",9
"Mc2255o","9270.jpg",6
"Midi","9270.jpg",3
"wangxiangronng","9270.jpg",6
"wxxwhao","9270.jpg",3
"邓岩","9270.jpg",3
"太贵了","9270.jpg",6
"夏至","9270.jpg",2
"星辰","9270.jpg",8
"张佳炫","9270.jpg",6
"-H-Yue7","9280.jpg",2
"Esterla.","9280.jpg",3
"JK","9280.jpg",3
"liuqianwen","9280.jpg",0
"lqy1910","9280.jpg",6
"Mc2255o","9280.jpg",5
"Midi","9280.jpg",4
"wangxiangronng","9280.jpg",3
"wxxwhao","9280.jpg",1
"邓岩","9280.jpg",2
"太贵了","9280.jpg",4
"夏至","9280.jpg",1
"星辰","9280.jpg",3
"张佳炫","9280.jpg",5
"-H-Yue7","9402.jpg",8
"Esterla.","9402.jpg",6
"JK","9402.jpg",8
"liuqianwen","9402.jpg",1
"Mc2255o","9402.jpg",5
"Midi","9402.jpg",9
"wxxwhao","9402.jpg",7
"邓岩","9402.jpg",3
"太贵了","9402.jpg",7
"夏至","9402.jpg",3
"星辰","9402.jpg",6
"张佳炫","9402.jpg",4
"-H-Yue7","9419.jpg",7
"Esterla.","9419.jpg",2
"JK","9419.jpg",4
"liuqianwen","9419.jpg",2
"lqy1910","9419.jpg",9
"Mc2255o","9419.jpg",6
"Midi","9419.jpg",8
"wxxwhao","9419.jpg",9
"邓岩","9419.jpg",5
"太贵了","9419.jpg",4
"夏至","9419.jpg",6
"星辰","9419.jpg",4
"张佳炫","9419.jpg",8
"-H-Yue7","9423.jpg",7
"Esterla.","9423.jpg",8
"JK","9423.jpg",8
"liuqianwen","9423.jpg",4
"Mc2255o","9423.jpg",7
"Midi","9423.jpg",8
"wxxwhao","9423.jpg",7
"邓岩","9423.jpg",4
"太贵了","9423.jpg",3
"夏至","9423.jpg",7
"星辰","9423.jpg",7
"张佳炫","9423.jpg",8
"-H-Yue7","9424.jpg",7
"Esterla.","9424.jpg",0
"JK","9424.jpg",5
"liuqianwen","9424.jpg",1
"lqy1910","9424.jpg",3
"Mc2255o","9424.jpg",7
"Midi","9424.jpg",6
"wangxiangronng","9424.jpg",3
"wxxwhao","9424.jpg",8
"邓岩","9424.jpg",4
"太贵了","9424.jpg",4
"夏至","9424.jpg",5
"星辰","9424.jpg",7
"张佳炫","9424.jpg",6
"-H-Yue7","9427.jpg",8
"Esterla.","9427.jpg",4
"JK","9427.jpg",8
"liuqianwen","9427.jpg",1
"lqy1910","9427.jpg",7
"Mc2255o","9427.jpg",6
"Midi","9427.jpg",7
"wxxwhao","9427.jpg",7
"邓岩","9427.jpg",3
"太贵了","9427.jpg",4
"夏至","9427.jpg",6
"星辰","9427.jpg",4
"张佳炫","9427.jpg",7
"-H-Yue7","9428.jpg",9
"Esterla.","9428.jpg",6
"JK","9428.jpg",7
"liuqianwen","9428.jpg",2
"lqy1910","9428.jpg",6
"Mc2255o","9428.jpg",6
"Midi","9428.jpg",9
"wxxwhao","9428.jpg",8
"邓岩","9428.jpg",5
"太贵了","9428.jpg",7
"夏至","9428.jpg",6
"星辰","9428.jpg",9
"张佳炫","9428.jpg",6
"-H-Yue7","9429.jpg",8
"Esterla.","9429.jpg",4
"JK","9429.jpg",7
"liuqianwen","9429.jpg",1
"Mc2255o","9429.jpg",4
"Midi","9429.jpg",7
"wxxwhao","9429.jpg",7
"邓岩","9429.jpg",3
"太贵了","9429.jpg",4
"夏至","9429.jpg",4
"星辰","9429.jpg",8
"张佳炫","9429.jpg",6
"-H-Yue7","9440.jpg",9
"Esterla.","9440.jpg",8
"JK","9440.jpg",6
"liuqianwen","9440.jpg",6
"lqy1910","9440.jpg",6
"Mc2255o","9440.jpg",9
"Midi","9440.jpg",8
"wangxiangronng","9440.jpg",5
"wxxwhao","9440.jpg",9
"邓岩","9440.jpg",4
"太贵了","9440.jpg",7
"夏至","9440.jpg",4
"星辰","9440.jpg",0
"张佳炫","9440.jpg",5
"-H-Yue7","9594.jpg",7
"Esterla.","9594.jpg",7
"JK","9594.jpg",4
"liuqianwen","9594.jpg",4
"lqy1910","9594.jpg",9
"Mc2255o","9594.jpg",4
"Midi","9594.jpg",4
"wangxiangronng","9594.jpg",3
"wxxwhao","9594.jpg",3
"邓岩","9594.jpg",1
"太贵了","9594.jpg",4
"夏至","9594.jpg",2
"星辰","9594.jpg",6
"张佳炫","9594.jpg",5
"-H-Yue7","9600.jpg",8
"Esterla.","9600.jpg",7
"JK","9600.jpg",5
"liuqianwen","9600.jpg",1
"Mc2255o","9600.jpg",3
"Midi","9600.jpg",8
"wangxiangronng","9600.jpg",5
"wxxwhao","9600.jpg",9
"邓岩","9600.jpg",3
"太贵了","9600.jpg",2
"夏至","9600.jpg",5
"星辰","9600.jpg",9
"张佳炫","9600.jpg",7
"-H-Yue7","9810.jpg",8
"Esterla.","9810.jpg",6
"JK","9810.jpg",8
"liuqianwen","9810.jpg",2
"lqy1910","9810.jpg",6
"Mc2255o","9810.jpg",6
"Midi","9810.jpg",9
"wangxiangronng","9810.jpg",2
"wxxwhao","9810.jpg",7
"邓岩","9810.jpg",1
"太贵了","9810.jpg",2
"夏至","9810.jpg",5
"星辰","9810.jpg",5
"张佳炫","9810.jpg",6
"-H-Yue7","9901.jpg",7
"Esterla.","9901.jpg",6
"JK","9901.jpg",7
"liuqianwen","9901.jpg",2
"lqy1910","9901.jpg",6
"Mc2255o","9901.jpg",5
"Midi","9901.jpg",5
"wxxwhao","9901.jpg",6
"邓岩","9901.jpg",2
"太贵了","9901.jpg",4
"夏至","9901.jpg",4
"星辰","9901.jpg",5
"张佳炫","9901.jpg",3
"-H-Yue7","9910.jpg",8
"Esterla.","9910.jpg",7
"JK","9910.jpg",7
"liuqianwen","9910.jpg",2
"lqy1910","9910.jpg",7
"Mc2255o","9910.jpg",5
"Midi","9910.jpg",8
"wxxwhao","9910.jpg",7
"邓岩","9910.jpg",4
"太贵了","9910.jpg",3
"夏至","9910.jpg",6
"星辰","9910.jpg",7
"张佳炫","9910.jpg",5
"-H-Yue7","9926.jpg",7
"Esterla.","9926.jpg",3
"JK","9926.jpg",6
"liuqianwen","9926.jpg",1
"lqy1910","9926.jpg",4
"Mc2255o","9926.jpg",5
"Midi","9926.jpg",7
"wangxiangronng","9926.jpg",2
"wxxwhao","9926.jpg",5
"邓岩","9926.jpg",1
"太贵了","9926.jpg",4
"夏至","9926.jpg",2
"星辰","9926.jpg",6
"张佳炫","9926.jpg",2
